"rep","k","BIC"
1,2,198525.9732
1,3,198189.8263
1,4,194285.3554
1,5,193385.0109
1,6,191853.7859
1,7,192440.2537
1,8,192998.178
1,9,193602.013
1,10,194134.2611
2,2,198670.5365
2,3,197631.3484
2,4,194327.9915
2,5,193311.2702
2,6,191978.4484
2,7,192560.7498
2,8,193136.283
2,9,193722.956
2,10,194270.9279
3,2,203386.358
3,3,202222.0253
3,4,198826.542
3,5,197962.4643
3,6,196570.6489
3,7,197172.4448
3,8,197723.7848
3,9,198327.6413
3,10,198875.7977
4,2,198445.505
4,3,197554.4742
4,4,193938.7831
4,5,192996.1961
4,6,191756.7246
4,7,192336.961
4,8,192900.0103
4,9,193455.4723
4,10,194008.9762
5,2,194837.953
5,3,194138.9494
5,4,191098.0526
5,5,190279.8795
5,6,188915.0245
5,7,189501.6584
5,8,190074.2247
5,9,190647.9205
5,10,191224.6407
6,2,198586.8095
6,3,198335.631
6,4,194467.3726
6,5,193459.3783
6,6,192030.2383
6,7,192626.1715
6,8,193201.7812
6,9,193774.6991
6,10,194349.9703
7,2,199998.0634
7,3,198890.0441
7,4,195638.8985
7,5,195034.0341
7,6,193123.5082
7,7,193710.6776
7,8,194293.5664
7,9,194862.8212
7,10,195418.0077
8,2,201014.7224
8,3,199952.9884
8,4,196386.6672
8,5,195634.0607
8,6,194064.3809
8,7,194636.3486
8,8,195233.4711
8,9,195795.7086
8,10,196313.8877
9,2,196992.0499
9,3,196107.4133
9,4,193070.6735
9,5,192078.4285
9,6,190606.2074
9,7,191195.2487
9,8,191805.3433
9,9,192296.5059
9,10,192848.4134
10,2,196395.8454
10,3,195406.5918
10,4,192338.8128
10,5,191693.724
10,6,190130.4167
10,7,190709.1526
10,8,191265.0197
10,9,191830.5735
10,10,192388.7044
11,2,198642.9019
11,3,197623.4698
11,4,194278.7488
11,5,193202.0306
11,6,191859.2761
11,7,192434.1691
11,8,193020.7661
11,9,193590.9737
11,10,194137.3365
12,2,198726.8203
12,3,197742.3289
12,4,194848.5548
12,5,193981.0373
12,6,192616.5039
12,7,193188.9117
12,8,193751.1195
12,9,194316.2595
12,10,194872.1768
13,2,203190.3947
13,3,201828.9466
13,4,198019.0329
13,5,197054.4869
13,6,195610.348
13,7,196158.0569
13,8,196745.7514
13,9,197698.7075
13,10,197888.5455
14,2,201410.7471
14,3,199763.0411
14,4,196394.7395
14,5,195569.6778
14,6,194092.3358
14,7,194673.0235
14,8,195257.1526
14,9,195825.6243
14,10,197155.6456
15,2,200186.0056
15,3,199068.392
15,4,196105.7764
15,5,195097.7962
15,6,193646.6797
15,7,194221.956
15,8,194805.442
15,9,195368.384
15,10,195929.6177
16,2,202079.774
16,3,201080.4359
16,4,197831.9309
16,5,196979.7726
16,6,195294.5781
16,7,195884.0554
16,8,196475.2678
16,9,197033.0656
16,10,197565.0373
17,2,202084.8932
17,3,201086.1641
17,4,197710.9209
17,5,196689.4499
17,6,195366.2775
17,7,195939.8315
17,8,196511.453
17,9,197070.0774
17,10,197618.5044
18,2,197846.8293
18,3,196872.7868
18,4,193689.3391
18,5,192711.9408
18,6,191415.6212
18,7,191999.155
18,8,192563.4795
18,9,193128.1856
18,10,193648.6669
19,2,197780.579
19,3,197318.3045
19,4,193474.8298
19,5,192603.1969
19,6,191135.6434
19,7,191713.138
19,8,192291.2046
19,9,192859.6008
19,10,193393.0521
20,2,192843.1559
20,3,191508.8471
20,4,188481.9177
20,5,187501.5819
20,6,186239.3411
20,7,186816.4248
20,8,187410.5274
20,9,187984.6072
20,10,188553.357
21,2,199478.1842
21,3,198657.9119
21,4,195582.4273
21,5,194501.7033
21,6,193326.6498
21,7,193912.1867
21,8,194511.1867
21,9,195076.6729
21,10,195658.5077
22,2,202355.8666
22,3,201283.4917
22,4,198096.3048
22,5,197077.7188
22,6,195589.2163
22,7,196173.6448
22,8,196757.1471
22,9,197328.2009
22,10,197876.919
23,2,200014.7898
23,3,198921.6882
23,4,195866.6769
23,5,195604.2343
23,6,193589.5414
23,7,194186.1197
23,8,194777.0219
23,9,195314.1544
23,10,195866.4958
24,2,198562.0711
24,3,196985.4663
24,4,193792.1864
24,5,192862.9917
24,6,191415.0153
24,7,191994.2656
24,8,192569.1618
24,9,193149.9698
24,10,193727.0898
25,2,196253.716
25,3,194622.9069
25,4,191397.2593
25,5,190542.9507
25,6,189231.17
25,7,189822.4729
25,8,190387.2747
25,9,190972.6369
25,10,191538.3151
26,2,195136.4052
26,3,194422.3773
26,4,191270.0553
26,5,190175.0205
26,6,188906.8961
26,7,189485.9794
26,8,190082.251
26,9,190643.723
26,10,191177.2993
27,2,193684.8014
27,3,192607.1718
27,4,189627.9949
27,5,188942.2715
27,6,187639.2335
27,7,188220.6734
27,8,188822.7273
27,9,189380.2508
27,10,189959.4187
28,2,199796.261
28,3,198948.2222
28,4,195803.9528
28,5,194950.0509
28,6,193628.1007
28,7,194212.2487
28,8,194776.901
28,9,195357.2123
28,10,195907.8818
29,2,199157.5185
29,3,197990.7059
29,4,194592.6769
29,5,193823.7265
29,6,192684.1909
29,7,193264.1928
29,8,193825.1924
29,9,194391.4738
29,10,194949.4182
30,2,202649.9124
30,3,200994.6974
30,4,197521.2943
30,5,196658.1878
30,6,195606.6388
30,7,196699.4505
30,8,196778.8182
30,9,197329.3763
30,10,197922.9014
31,2,198656.7104
31,3,196315.5307
31,4,193111.3856
31,5,192165.1478
31,6,190846.9107
31,7,191423.083
31,8,191996.2521
31,9,192589.079
31,10,193151.2747
32,2,199112.8391
32,3,198144.5992
32,4,194978.3877
32,5,194138.3276
32,6,192544.3698
32,7,193133.9669
32,8,193734.8179
32,9,194328.0886
32,10,194878.1546
33,2,197054.8506
33,3,196478.8572
33,4,192589.5516
33,5,191542.8103
33,6,190122.6962
33,7,190693.4405
33,8,191295.6062
33,9,191849.3351
33,10,192400.5398
34,2,198963.6041
34,3,196608.2319
34,4,193179.7831
34,5,192405.4441
34,6,191077.5259
34,7,191683.8096
34,8,192237.4753
34,9,192823.8895
34,10,193350.9818
35,2,198832.7137
35,3,197864.8691
35,4,194629.877
35,5,193544.1601
35,6,192220.9215
35,7,192809.168
35,8,193382.0238
35,9,193948.6055
35,10,194495.7816
36,2,196510.1892
36,3,195643.7329
36,4,192607.8424
36,5,191877.5981
36,6,190551.5379
36,7,191122.3592
36,8,191710.6638
36,9,192276.7698
36,10,192822.4907
37,2,199602.0514
37,3,198764.5763
37,4,195642.8079
37,5,194551.0703
37,6,193164.0661
37,7,193761.2048
37,8,194339.1356
37,9,194914.9841
37,10,195457.9504
38,2,202920.2818
38,3,202654.32
38,4,198743.8172
38,5,197720.4489
38,6,196181.6593
38,7,196770.6266
38,8,197361.5266
38,9,197938.2757
38,10,198476.4495
39,2,196857.777
39,3,196518.8264
39,4,192900.4918
39,5,191970.8114
39,6,190688.0603
39,7,191268.0974
39,8,191844.4876
39,9,192409.8096
39,10,192969.2344
40,2,198077.3765
40,3,196953.4188
40,4,193704.5892
40,5,192848.5282
40,6,191264.3841
40,7,191847.6623
40,8,192444.9392
40,9,193021.5114
40,10,193549.1596
41,2,197634.1964
41,3,197123.938
41,4,193339.2755
41,5,192237.3955
41,6,190788.4136
41,7,191357.218
41,8,191952.6261
41,9,192509.5241
41,10,193081.5793
42,2,199807.2577
42,3,198829.615
42,4,195410.8903
42,5,194680.7024
42,6,193366.4565
42,7,193950.7136
42,8,194552.778
42,9,195125.3159
42,10,195692.025
43,2,195002.5457
43,3,194194.4477
43,4,190867.6905
43,5,190138.1092
43,6,188899.2633
43,7,189468.9222
43,8,190057.1442
43,9,190638.684
43,10,191256.0112
44,2,200819.2917
44,3,198841.3651
44,4,195672.6129
44,5,194670.6434
44,6,193298.1423
44,7,193891.4288
44,8,194471.2038
44,9,195023.9791
44,10,195598.85
45,2,197779.7644
45,3,195531.2539
45,4,192253.8938
45,5,191247.3485
45,6,189799.2407
45,7,190377.2458
45,8,190938.6011
45,9,191539.8092
45,10,192071.446
46,2,198328.2505
46,3,196649.2979
46,4,193432.2027
46,5,192500.0802
46,6,191202.2502
46,7,191783.7959
46,8,192373.2797
46,9,192923.1541
46,10,193478.3153
47,2,202406.9257
47,3,199735.2928
47,4,196259.1571
47,5,195483.0077
47,6,194019.1844
47,7,194587.4367
47,8,195181.4279
47,9,195777.2892
47,10,196329.7683
48,2,200735.8603
48,3,199808.6278
48,4,196131.5499
48,5,195444.0372
48,6,194031.7673
48,7,194625.0776
48,8,195207.3339
48,9,195786.0839
48,10,196334.5227
49,2,198185.7048
49,3,196440.3074
49,4,193234.436
49,5,192459.2004
49,6,191328.3775
49,7,191901.5876
49,8,192500.0321
49,9,193040.4139
49,10,193610.6535
50,2,200269.4226
50,3,199348.1635
50,4,196014.7164
50,5,195122.4736
50,6,193658.0281
50,7,194250.8971
50,8,194824.1874
50,9,195383.722
50,10,195945.0237
51,2,195878.6371
51,3,194952.4007
51,4,191725.9672
51,5,191112.4265
51,6,189681.0861
51,7,190245.5745
51,8,190814.3889
51,9,191389.9426
51,10,191948.5906
52,2,197024.7863
52,3,196169.3333
52,4,193395.2904
52,5,191857.9548
52,6,190577.328
52,7,191164.7235
52,8,191733.5689
52,9,192321.4294
52,10,192880.0898
53,2,198666.1142
53,3,197839.3995
53,4,194546.8327
53,5,193388.0496
53,6,191864.3314
53,7,192461.6466
53,8,193541.9952
53,9,193632.7186
53,10,194203.0238
54,2,197307.1896
54,3,196223.7624
54,4,193006.3734
54,5,192205.6064
54,6,190960.9182
54,7,191538.6012
54,8,192141.0168
54,9,192708.3449
54,10,193270.6016
55,2,196917.7826
55,3,196039.5364
55,4,192749.4235
55,5,191912.2902
55,6,190701.1037
55,7,191290.0945
55,8,191901.1332
55,9,192472.9015
55,10,193021.8116
56,2,199520.7712
56,3,198569.5052
56,4,195357.18
56,5,194469.549
56,6,193235.8529
56,7,193798.587
56,8,194364.4974
56,9,194928.5954
56,10,195491.5639
57,2,201092.5311
57,3,200767.5875
57,4,196646.7224
57,5,195711.3302
57,6,194280.5535
57,7,194859.9005
57,8,195473.1823
57,9,196035.8586
57,10,196575.8573
58,2,195444.2847
58,3,194433.6937
58,4,192198.5764
58,5,190652.1184
58,6,189194.2068
58,7,189785.6421
58,8,190341.4269
58,9,190895.7521
58,10,191481.0471
59,2,199033.5774
59,3,197435.135
59,4,194476.66
59,5,193427.0081
59,6,191901.8277
59,7,192497.4168
59,8,193076.7475
59,9,193664.3197
59,10,194196.5019
60,2,196346.0986
60,3,195344.1386
60,4,191863.0878
60,5,190842.0817
60,6,189282.8166
60,7,189866.4806
60,8,190425.9305
60,9,191013.2534
60,10,191554.5515
61,2,200081.3014
61,3,199113.7794
61,4,196170.8497
61,5,195431.7786
61,6,194049.7694
61,7,194628.7652
61,8,195211.3994
61,9,195762.5343
61,10,196309.8662
62,2,199873.1677
62,3,198884.1582
62,4,195822.2101
62,5,194894.1833
62,6,193625.0382
62,7,194206.2434
62,8,194775.2585
62,9,195332.8479
62,10,195891.2443
63,2,197240.6126
63,3,195639.2744
63,4,192535.8869
63,5,191472.0323
63,6,190109.7831
63,7,190690.7063
63,8,191280.9054
63,9,191853.8519
63,10,192426.1072
64,2,198034.6353
64,3,196987.0173
64,4,193858.9575
64,5,193075.142
64,6,191734.5362
64,7,192314.7652
64,8,192932.8431
64,9,193476.9761
64,10,194025.8417
65,2,201315.6439
65,3,200550.2059
65,4,197379.062
65,5,196522.629
65,6,195188.3953
65,7,195751.7801
65,8,196322.5784
65,9,196867.4372
65,10,197439.7491
66,2,205104.0657
66,3,202562.7747
66,4,198895.0585
66,5,197908.3852
66,6,196313.4986
66,7,196898.5118
66,8,197483.0842
66,9,198027.8584
66,10,198609.6088
67,2,199331.183
67,3,198409.9106
67,4,195376.024
67,5,194573.9958
67,6,193193.2917
67,7,193756.1097
67,8,194359.0543
67,9,194915.7345
67,10,195487.0567
68,2,198068.5692
68,3,197098.3073
68,4,193758.9221
68,5,192926.3459
68,6,191637.5314
68,7,192183.1969
68,8,192757.373
68,9,193320.2458
68,10,193883.6195
69,2,197821.9961
69,3,196782.854
69,4,193945.4921
69,5,192963.6275
69,6,191728.4671
69,7,192293.1441
69,8,192898.3956
69,9,193460.8167
69,10,194007.6522
70,2,197393.9658
70,3,196590.5458
70,4,193450.7128
70,5,192376.3363
70,6,190955.5136
70,7,191548.369
70,8,192112.0542
70,9,192667.031
70,10,193257.9012
71,2,194714.683
71,3,193799.2807
71,4,190845.817
71,5,189941.2034
71,6,188732.1522
71,7,189303.362
71,8,189900.0279
71,9,190459.9885
71,10,191034.2895
72,2,200673.2745
72,3,199553.7918
72,4,196133.3279
72,5,195229.2823
72,6,193960.7317
72,7,194543.2614
72,8,195123.3297
72,9,196179.3186
72,10,196232.7706
73,2,200872.038
73,3,199729.1239
73,4,196541.1465
73,5,195548.745
73,6,194142.2542
73,7,194718.1659
73,8,195294.6083
73,9,195843.2323
73,10,196400.7414
74,2,199448.4552
74,3,198526.8413
74,4,195232.4969
74,5,194385.503
74,6,193176.8978
74,7,193757.078
74,8,194356.3815
74,9,194920.0719
74,10,195465.3417
75,2,199088.8596
75,3,197139.4822
75,4,193939.8308
75,5,193146.5695
75,6,191408.394
75,7,191993.5455
75,8,192592.3745
75,9,193157.8041
75,10,193736.7714
76,2,202495.645
76,3,201504.802
76,4,197879.1434
76,5,196939.4605
76,6,195770.2295
76,7,196352.6552
76,8,196941.9329
76,9,197508.9983
76,10,198089.3972
77,2,194256.5442
77,3,193495.6564
77,4,190565.0787
77,5,189600.8147
77,6,188449.1805
77,7,189031.3108
77,8,189597.6792
77,9,190178.7079
77,10,190738.8445
78,2,200278.3903
78,3,198669.0163
78,4,195742.6406
78,5,194800.6131
78,6,193372.155
78,7,193955.5134
78,8,194542.8983
78,9,195112.4147
78,10,195671.0707
79,2,194705.5553
79,3,193753.1924
79,4,190674.9469
79,5,189767.5471
79,6,188642.1914
79,7,189222.7167
79,8,189804.2892
79,9,190369.4822
79,10,190927.6649
80,2,200518.9044
80,3,199547.2293
80,4,196515.2764
80,5,195545.8132
80,6,194298.4715
80,7,194876.1301
80,8,195464.8151
80,9,196024.7696
80,10,196610.8548
81,2,195856.7461
81,3,194948.3449
81,4,192054.3724
81,5,191290.0033
81,6,189899.2029
81,7,190473.7698
81,8,191056.5197
81,9,191646.2559
81,10,192198.2953
82,2,197193.0837
82,3,196419.9796
82,4,193564.149
82,5,192632.3363
82,6,191368.7894
82,7,191967.5991
82,8,192569.1124
82,9,193076.8191
82,10,193660.5261
83,2,194382.984
83,3,193389.253
83,4,190216.2296
83,5,189296.8643
83,6,187947.5086
83,7,188514.9306
83,8,189099.0424
83,9,189670.2934
83,10,190232.7945
84,2,206792.1751
84,3,204981.732
84,4,200905.5021
84,5,199769.1147
84,6,198273.3154
84,7,198857.6551
84,8,199428.9896
84,9,199946.3334
84,10,200497.2722
85,2,202031.3501
85,3,200918.3999
85,4,197720.6497
85,5,196709.2229
85,6,195367.2785
85,7,195946.152
85,8,196520.3349
85,9,197101.4503
85,10,197653.848
86,2,195583.8879
86,3,194712.0247
86,4,191437.4182
86,5,190532.4341
86,6,189181.9114
86,7,189753.8351
86,8,190346.626
86,9,190914.6763
86,10,191453.3936
87,2,196928.9274
87,3,196098.8886
87,4,192950.1997
87,5,192070.6371
87,6,190792.8399
87,7,191373.2189
87,8,191954.8839
87,9,192510.8635
87,10,193069.7043
88,2,199549.8789
88,3,199593.2357
88,4,195442.8251
88,5,194443.6795
88,6,193029.8639
88,7,193600.4342
88,8,194187.464
88,9,194742.3647
88,10,195318.3458
89,2,195253.5118
89,3,194451.3421
89,4,191590.0121
89,5,190510.7724
89,6,189318.9986
89,7,189899.8103
89,8,190504.0855
89,9,191066.4957
89,10,191634.4294
90,2,198716.26
90,3,196846.1335
90,4,193962.0591
90,5,193029.1327
90,6,191795.1829
90,7,192358.7853
90,8,192937.4725
90,9,193533.9687
90,10,194068.5463
91,2,201339.9924
91,3,200281.1826
91,4,197149.7759
91,5,196308.6611
91,6,194832.3701
91,7,195429.4977
91,8,196010.0015
91,9,196574.3197
91,10,197140.2129
92,2,203191.046
92,3,201498.5701
92,4,198456.3678
92,5,197517.5374
92,6,196056.6432
92,7,196630.415
92,8,197226.7911
92,9,197794.8551
92,10,198317.3227
93,2,196875.3551
93,3,195870.7117
93,4,192309.4904
93,5,191251.3129
93,6,189638.8378
93,7,190217.1822
93,8,190801.5464
93,9,191363.3547
93,10,191933.9576
94,2,201163.7228
94,3,199982.905
94,4,196773.7956
94,5,195834.6025
94,6,194449.8892
94,7,195022.635
94,8,195602.286
94,9,196164.7752
94,10,196714.6104
95,2,199084.0324
95,3,197964.6804
95,4,194756.3947
95,5,193862.4212
95,6,192659.9208
95,7,193240.1456
95,8,193816.8694
95,9,194381.5899
95,10,194965.3506
96,2,202253.5673
96,3,201251.8528
96,4,198016.7838
96,5,197031.5612
96,6,195634.7714
96,7,196218.7877
96,8,196798.9616
96,9,197362.351
96,10,197924.3046
97,2,195901.8705
97,3,194991.7537
97,4,191963.2629
97,5,190927.305
97,6,189903.4907
97,7,190505.864
97,8,191087.6689
97,9,191658.4145
97,10,192244.2876
98,2,194511.5173
98,3,193440.3797
98,4,190349.2581
98,5,189641.6052
98,6,188339.4686
98,7,188912.3996
98,8,189515.3674
98,9,190107.9885
98,10,190660.4515
99,2,202132.8003
99,3,201191.5673
99,4,198213.7545
99,5,197191.4721
99,6,195562.0041
99,7,196145.7233
99,8,196727.8921
99,9,197288.174
99,10,197836.6708
100,2,196732.5893
100,3,194993.2143
100,4,191794.63
100,5,190987.2005
100,6,189936.4822
100,7,190513.6558
100,8,191116.5012
100,9,191690.8701
100,10,192261.2421
